,sat,precip,sat_TCR4,sat_TCR,precip_TCR4
7P,0.25694456054199727,4.643630015491506e-07,0.1821226364852707,0.08490257541534801,1.7804369976294393e-07
7PR,0.21252028254697347,3.296002062631045e-07,0.1349417163099276,0.06590030227888942,1.3298125824429351e-07
NoIce,1.272600857321021,2.4159653676494368e-06,0.3910674381881087,0.2259033716843727,4.2812914764853944e-07
NoIceR,0.33104327978266535,6.744349082503386e-07,0.16712516264953717,0.08966613396249316,1.860277540379146e-07
14P,3.903539268000558,2.7177296168424896e-06,1.68084949858642,0.8637145157779251,1.1583668616881416e-06
14PR,0.6115529453060476,6.832762463578525e-07,0.25511328689053886,0.14108235967186622,2.2956534271660277e-07
SigP,3.903539268000558,2.7177296168424896e-06,1.68084949858642,0.8637145157779251,1.1583668616881416e-06
SigPR,0.6115529453060476,6.832762463578525e-07,0.25511328689053886,0.14108235967186622,2.2956534271660277e-07
